Model,R2,RMSE,% within 1,% within 0.7,Max % within 1,Max % within 0.7
GPR,0.6948479775253843,0.5931790161855733,89.36170212765957,78.72340425531915,100.0,97.87234042553192
