Model,R2,RMSE,% within 1,% within 0.7,Max % within 1,Max % within 0.7
GPR,0.5749458725542572,0.7058132650090675,84.49583718778908,71.7622571692877,84.49583718778908,71.7622571692877
