,Number,Area,Mean_charge,Std_charge
0,1,530,-0.02602240358264152,0.0032269460319164496
2,3,4545,-0.034936043295511525,0.008163889733756261
1,2,5042,0.06282947664448638,0.023130593161664405
