Data1 to Data1,Data1 to Data2
0.08108108108108109,0.1016949152542373
0.20454545454545456,0.047619047619047616
0.20454545454545456,0.26666666666666666
