Cumulative Variance PCA 1,Cumulative Variance PCA 2
4.803756114448362,8.843853989946767
